"design","pools","paired_strata","unmatched_pools","eligible_share","persistence_rate","outcome_icc","eligibility_icc","risk_difference","power","monte_carlo_se","mean_eligible","simulations","random_assignments","completed_participants","effect_label","power_monotone"
"100 participants",10,5,0,0.5,0.2,0.05,0.05,0.1,0.0084,0.00182531531522639,49.9212,2500,999,100,"10 percentage points",0.0084
"200 participants",20,10,0,0.5,0.2,0.05,0.05,0.1,0.1384,0.00690638660950862,99.8444,2500,999,200,"10 percentage points",0.1384
"300 participants",30,15,0,0.5,0.2,0.05,0.05,0.1,0.2068,0.00810021629340847,149.9608,2500,999,300,"10 percentage points",0.2068
"400 participants",40,20,0,0.5,0.2,0.05,0.05,0.1,0.2796,0.00897605347577653,200.1916,2500,999,400,"10 percentage points",0.2796
"500 participants",50,25,0,0.5,0.2,0.05,0.05,0.1,0.34,0.00947417542586161,249.7604,2500,999,500,"10 percentage points",0.34
"600 participants",60,30,0,0.5,0.2,0.05,0.05,0.1,0.416,0.00985786995247959,300.806,2500,999,600,"10 percentage points",0.416
"700 participants",70,35,0,0.5,0.2,0.05,0.05,0.1,0.4828,0.00999408144853743,349.7644,2500,999,700,"10 percentage points",0.4828
"800 participants",80,40,0,0.5,0.2,0.05,0.05,0.1,0.5288,0.00998339741771307,399.8592,2500,999,800,"10 percentage points",0.5288
"900 participants",90,45,0,0.5,0.2,0.05,0.05,0.1,0.578,0.00987757055150709,450.0408,2500,999,900,"10 percentage points",0.578
"1000 participants",100,50,0,0.5,0.2,0.05,0.05,0.1,0.6228,0.00969371260147525,500.4376,2500,999,1000,"10 percentage points",0.6228
"1100 participants",110,55,0,0.5,0.2,0.05,0.05,0.1,0.6728,0.0093838192650967,550.356,2500,999,1100,"10 percentage points",0.6728
"1200 participants",120,60,0,0.5,0.2,0.05,0.05,0.1,0.7028,0.00914050676932083,599.8736,2500,999,1200,"10 percentage points",0.7028
"1300 participants",130,65,0,0.5,0.2,0.05,0.05,0.1,0.734,0.00883728465084157,650.2008,2500,999,1300,"10 percentage points",0.734
"1400 participants",140,70,0,0.5,0.2,0.05,0.05,0.1,0.7768,0.0083278270875421,700.2092,2500,999,1400,"10 percentage points",0.7768
"1500 participants",150,75,0,0.5,0.2,0.05,0.05,0.1,0.7988,0.00801794387608195,750.4484,2500,999,1500,"10 percentage points",0.7988
"1600 participants",160,80,0,0.5,0.2,0.05,0.05,0.1,0.822,0.00765025489771419,800.1216,2500,999,1600,"10 percentage points",0.822
"1700 participants",170,85,0,0.5,0.2,0.05,0.05,0.1,0.8328,0.0074630867608517,850.0928,2500,999,1700,"10 percentage points",0.832800000000001
"1800 participants",180,90,0,0.5,0.2,0.05,0.05,0.1,0.8608,0.00692310219482567,900.0576,2500,999,1800,"10 percentage points",0.860799999999999
"1900 participants",190,95,0,0.5,0.2,0.05,0.05,0.1,0.8924,0.00619749110527801,951.2328,2500,999,1900,"10 percentage points",0.8924
"2000 participants",200,100,0,0.5,0.2,0.05,0.05,0.1,0.8956,0.00611557487077053,999.8012,2500,999,2000,"10 percentage points",0.8956
"2100 participants",210,105,0,0.5,0.2,0.05,0.05,0.1,0.9136,0.00561907608063817,1049.5164,2500,999,2100,"10 percentage points",0.913600000000001
"2200 participants",220,110,0,0.5,0.2,0.05,0.05,0.1,0.9316,0.00504862119791137,1099.4108,2500,999,2200,"10 percentage points",0.9316
"2300 participants",230,115,0,0.5,0.2,0.05,0.05,0.1,0.9392,0.00477926186769463,1148.4544,2500,999,2300,"10 percentage points",0.9392
"2400 participants",240,120,0,0.5,0.2,0.05,0.05,0.1,0.95,0.00435889894354068,1200.106,2500,999,2400,"10 percentage points",0.949999999999999
"2500 participants",250,125,0,0.5,0.2,0.05,0.05,0.1,0.9576,0.00402999950372205,1249.4532,2500,999,2500,"10 percentage points",0.957600000000001
"100 participants",10,5,0,0.5,0.2,0.05,0.05,0.15,0.0144,0.00238265734003024,50.1152,2500,999,100,"15 percentage points",0.0144
"200 participants",20,10,0,0.5,0.2,0.05,0.05,0.15,0.278,0.00896026785313921,99.888,2500,999,200,"15 percentage points",0.278
"300 participants",30,15,0,0.5,0.2,0.05,0.05,0.15,0.4128,0.00984674890509553,150.0552,2500,999,300,"15 percentage points",0.4128
"400 participants",40,20,0,0.5,0.2,0.05,0.05,0.15,0.5332,0.00997793084762567,200.0172,2500,999,400,"15 percentage points",0.5332
"500 participants",50,25,0,0.5,0.2,0.05,0.05,0.15,0.634,0.00963418912000382,249.9384,2500,999,500,"15 percentage points",0.634
"600 participants",60,30,0,0.5,0.2,0.05,0.05,0.15,0.7244,0.00893632228604139,300.1744,2500,999,600,"15 percentage points",0.7244
"700 participants",70,35,0,0.5,0.2,0.05,0.05,0.15,0.7896,0.00815185475827434,349.7864,2500,999,700,"15 percentage points",0.7896
"800 participants",80,40,0,0.5,0.2,0.05,0.05,0.15,0.83,0.00751265598839718,399.3828,2500,999,800,"15 percentage points",0.83
"900 participants",90,45,0,0.5,0.2,0.05,0.05,0.15,0.8916,0.00621769860961433,449.7076,2500,999,900,"15 percentage points",0.8916
"1000 participants",100,50,0,0.5,0.2,0.05,0.05,0.15,0.92,0.00542586398650021,500.1636,2500,999,1000,"15 percentage points",0.92
"1100 participants",110,55,0,0.5,0.2,0.05,0.05,0.15,0.9336,0.00497959998393445,550.466,2500,999,1100,"15 percentage points",0.9336
"1200 participants",120,60,0,0.5,0.2,0.05,0.05,0.15,0.9548,0.00415485065916935,600.8852,2500,999,1200,"15 percentage points",0.9548
"1300 participants",130,65,0,0.5,0.2,0.05,0.05,0.15,0.9644,0.00370581381075736,650.3692,2500,999,1300,"15 percentage points",0.9644
"1400 participants",140,70,0,0.5,0.2,0.05,0.05,0.15,0.9772,0.00298530802430838,699.5004,2500,999,1400,"15 percentage points",0.9772
"1500 participants",150,75,0,0.5,0.2,0.05,0.05,0.15,0.982,0.00265902237673924,749.628,2500,999,1500,"15 percentage points",0.981999999999999
"1600 participants",160,80,0,0.5,0.2,0.05,0.05,0.15,0.9912,0.00186789293055036,799.516,2500,999,1600,"15 percentage points",0.9906
"1700 participants",170,85,0,0.5,0.2,0.05,0.05,0.15,0.99,0.00198997487421324,850.2304,2500,999,1700,"15 percentage points",0.9906
"1800 participants",180,90,0,0.5,0.2,0.05,0.05,0.15,0.9956,0.00132372806875128,900.1564,2500,999,1800,"15 percentage points",0.9956
"1900 participants",190,95,0,0.5,0.2,0.05,0.05,0.15,0.9964,0.00119783805249291,950.7984,2500,999,1900,"15 percentage points",0.9964
"2000 participants",200,100,0,0.5,0.2,0.05,0.05,0.15,0.9968,0.00112955920606226,1000.26,2500,999,2000,"15 percentage points",0.9968
"2100 participants",210,105,0,0.5,0.2,0.05,0.05,0.15,0.9984,0.000799359743795006,1050.8864,2500,999,2100,"15 percentage points",0.9984
"2200 participants",220,110,0,0.5,0.2,0.05,0.05,0.15,0.9996,0.000399919991998378,1099.5504,2500,999,2200,"15 percentage points",0.9984
"2300 participants",230,115,0,0.5,0.2,0.05,0.05,0.15,0.9972,0.0010568178651026,1150.2156,2500,999,2300,"15 percentage points",0.9984
"2400 participants",240,120,0,0.5,0.2,0.05,0.05,0.15,0.9996,0.000399919991998378,1199.5684,2500,999,2400,"15 percentage points",0.9994
"2500 participants",250,125,0,0.5,0.2,0.05,0.05,0.15,0.9992,0.000565459105506321,1249.0376,2500,999,2500,"15 percentage points",0.9994
"100 participants",10,5,0,0.5,0.2,0.05,0.05,0.2,0,0,49.8616,2500,999,100,"20 percentage points",0
"200 participants",20,10,0,0.5,0.2,0.05,0.05,0.2,0.3972,0.00978636112147922,99.67,2500,999,200,"20 percentage points",0.3972
"300 participants",30,15,0,0.5,0.2,0.05,0.05,0.2,0.6044,0.00977958363121866,150.1896,2500,999,300,"20 percentage points",0.6044
"400 participants",40,20,0,0.5,0.2,0.05,0.05,0.2,0.7532,0.0086229869534866,200.2908,2500,999,400,"20 percentage points",0.7532
"500 participants",50,25,0,0.5,0.2,0.05,0.05,0.2,0.8484,0.00717265473865848,250.0316,2500,999,500,"20 percentage points",0.8484
"600 participants",60,30,0,0.5,0.2,0.05,0.05,0.2,0.9068,0.00581425008062089,299.6056,2500,999,600,"20 percentage points",0.9068
"700 participants",70,35,0,0.5,0.2,0.05,0.05,0.2,0.9512,0.00430899338593133,350.5488,2500,999,700,"20 percentage points",0.9512
"800 participants",80,40,0,0.5,0.2,0.05,0.05,0.2,0.9736,0.00320643353275879,399.138,2500,999,800,"20 percentage points",0.9736
"900 participants",90,45,0,0.5,0.2,0.05,0.05,0.2,0.9808,0.00274454805022612,450.512,2500,999,900,"20 percentage points",0.9808
"1000 participants",100,50,0,0.5,0.2,0.05,0.05,0.2,0.9888,0.00210471470750788,500.3896,2500,999,1000,"20 percentage points",0.9888
"1100 participants",110,55,0,0.5,0.2,0.05,0.05,0.2,0.9928,0.00169093583556562,550.3668,2500,999,1100,"20 percentage points",0.992800000000001
"1200 participants",120,60,0,0.5,0.2,0.05,0.05,0.2,0.9976,0.000978619435735865,599.8064,2500,999,1200,"20 percentage points",0.9976
"1300 participants",130,65,0,0.5,0.2,0.05,0.05,0.2,0.998,0.000893532316147547,649.4124,2500,999,1300,"20 percentage points",0.997999999999999
"1400 participants",140,70,0,0.5,0.2,0.05,0.05,0.2,0.9996,0.000399919991998378,700.0112,2500,999,1400,"20 percentage points",0.999600000000001
"1500 participants",150,75,0,0.5,0.2,0.05,0.05,0.2,1,0,750.2412,2500,999,1500,"20 percentage points",0.99992
"1600 participants",160,80,0,0.5,0.2,0.05,0.05,0.2,1,0,800.148,2500,999,1600,"20 percentage points",0.99992
"1700 participants",170,85,0,0.5,0.2,0.05,0.05,0.2,1,0,849.0668,2500,999,1700,"20 percentage points",0.99992
"1800 participants",180,90,0,0.5,0.2,0.05,0.05,0.2,1,0,899.2288,2500,999,1800,"20 percentage points",0.99992
"1900 participants",190,95,0,0.5,0.2,0.05,0.05,0.2,0.9996,0.000399919991998378,949.3592,2500,999,1900,"20 percentage points",0.99992
"2000 participants",200,100,0,0.5,0.2,0.05,0.05,0.2,1,0,1000.0408,2500,999,2000,"20 percentage points",1
"2100 participants",210,105,0,0.5,0.2,0.05,0.05,0.2,1,0,1048.7196,2500,999,2100,"20 percentage points",1
"2200 participants",220,110,0,0.5,0.2,0.05,0.05,0.2,1,0,1099.8368,2500,999,2200,"20 percentage points",1
"2300 participants",230,115,0,0.5,0.2,0.05,0.05,0.2,1,0,1149.6092,2500,999,2300,"20 percentage points",1
"2400 participants",240,120,0,0.5,0.2,0.05,0.05,0.2,1,0,1201.4632,2500,999,2400,"20 percentage points",1
"2500 participants",250,125,0,0.5,0.2,0.05,0.05,0.2,1,0,1250.6556,2500,999,2500,"20 percentage points",1
"100 participants",10,5,0,0.5,0.2,0.05,0.05,0.25,0,0,50.084,2500,999,100,"25 percentage points",0
"200 participants",20,10,0,0.5,0.2,0.05,0.05,0.25,0.5676,0.00990818328453809,100.0688,2500,999,200,"25 percentage points",0.5676
"300 participants",30,15,0,0.5,0.2,0.05,0.05,0.25,0.7728,0.00838045726676057,150.1716,2500,999,300,"25 percentage points",0.7728
"400 participants",40,20,0,0.5,0.2,0.05,0.05,0.25,0.9044,0.00588083803551841,199.88,2500,999,400,"25 percentage points",0.9044
"500 participants",50,25,0,0.5,0.2,0.05,0.05,0.25,0.9556,0.00411964270295374,249.9532,2500,999,500,"25 percentage points",0.9556
"600 participants",60,30,0,0.5,0.2,0.05,0.05,0.25,0.9808,0.00274454805022612,299.0872,2500,999,600,"25 percentage points",0.9808
"700 participants",70,35,0,0.5,0.2,0.05,0.05,0.25,0.992,0.00178168459610561,350.4028,2500,999,700,"25 percentage points",0.992
"800 participants",80,40,0,0.5,0.2,0.05,0.05,0.25,0.9972,0.0010568178651026,399.7644,2500,999,800,"25 percentage points",0.9972
"900 participants",90,45,0,0.5,0.2,0.05,0.05,0.25,0.9992,0.000565459105506321,450.4852,2500,999,900,"25 percentage points",0.9992
"1000 participants",100,50,0,0.5,0.2,0.05,0.05,0.25,1,0,499.44,2500,999,1000,"25 percentage points",1
"1100 participants",110,55,0,0.5,0.2,0.05,0.05,0.25,1,0,550.5776,2500,999,1100,"25 percentage points",1
"1200 participants",120,60,0,0.5,0.2,0.05,0.05,0.25,1,0,600.7,2500,999,1200,"25 percentage points",1
"1300 participants",130,65,0,0.5,0.2,0.05,0.05,0.25,1,0,649.822,2500,999,1300,"25 percentage points",1
"1400 participants",140,70,0,0.5,0.2,0.05,0.05,0.25,1,0,699.6204,2500,999,1400,"25 percentage points",1
"1500 participants",150,75,0,0.5,0.2,0.05,0.05,0.25,1,0,749.8604,2500,999,1500,"25 percentage points",1
"1600 participants",160,80,0,0.5,0.2,0.05,0.05,0.25,1,0,799.8492,2500,999,1600,"25 percentage points",1
"1700 participants",170,85,0,0.5,0.2,0.05,0.05,0.25,1,0,849.7336,2500,999,1700,"25 percentage points",1
"1800 participants",180,90,0,0.5,0.2,0.05,0.05,0.25,1,0,899.6604,2500,999,1800,"25 percentage points",1
"1900 participants",190,95,0,0.5,0.2,0.05,0.05,0.25,1,0,950.0196,2500,999,1900,"25 percentage points",1
"2000 participants",200,100,0,0.5,0.2,0.05,0.05,0.25,1,0,999.7384,2500,999,2000,"25 percentage points",1
"2100 participants",210,105,0,0.5,0.2,0.05,0.05,0.25,1,0,1049.698,2500,999,2100,"25 percentage points",1
"2200 participants",220,110,0,0.5,0.2,0.05,0.05,0.25,1,0,1099.5432,2500,999,2200,"25 percentage points",1
"2300 participants",230,115,0,0.5,0.2,0.05,0.05,0.25,1,0,1149.6668,2500,999,2300,"25 percentage points",1
"2400 participants",240,120,0,0.5,0.2,0.05,0.05,0.25,1,0,1200.5192,2500,999,2400,"25 percentage points",1
"2500 participants",250,125,0,0.5,0.2,0.05,0.05,0.25,1,0,1249.6988,2500,999,2500,"25 percentage points",1
"100 participants",10,5,0,0.5,0.2,0.05,0.05,0.3,0.0192,0.00274454805022612,49.854,2500,999,100,"30 percentage points",0.0192
"200 participants",20,10,0,0.5,0.2,0.05,0.05,0.3,0.7232,0.00894833526417065,100.2652,2500,999,200,"30 percentage points",0.7232
"300 participants",30,15,0,0.5,0.2,0.05,0.05,0.3,0.9036,0.0059027803618295,149.8544,2500,999,300,"30 percentage points",0.9036
"400 participants",40,20,0,0.5,0.2,0.05,0.05,0.3,0.9632,0.00376540887554061,200.084,2500,999,400,"30 percentage points",0.9632
"500 participants",50,25,0,0.5,0.2,0.05,0.05,0.3,0.992,0.00178168459610561,250.0896,2500,999,500,"30 percentage points",0.992
"600 participants",60,30,0,0.5,0.2,0.05,0.05,0.3,0.9996,0.000399919991998378,299.4548,2500,999,600,"30 percentage points",0.9996
"700 participants",70,35,0,0.5,0.2,0.05,0.05,0.3,1,0,350.3212,2500,999,700,"30 percentage points",1
"800 participants",80,40,0,0.5,0.2,0.05,0.05,0.3,1,0,399.5588,2500,999,800,"30 percentage points",1
"900 participants",90,45,0,0.5,0.2,0.05,0.05,0.3,1,0,450.288,2500,999,900,"30 percentage points",1
"1000 participants",100,50,0,0.5,0.2,0.05,0.05,0.3,1,0,500.3124,2500,999,1000,"30 percentage points",1
"1100 participants",110,55,0,0.5,0.2,0.05,0.05,0.3,1,0,549.7024,2500,999,1100,"30 percentage points",1
"1200 participants",120,60,0,0.5,0.2,0.05,0.05,0.3,1,0,600.5932,2500,999,1200,"30 percentage points",1
"1300 participants",130,65,0,0.5,0.2,0.05,0.05,0.3,1,0,650.948,2500,999,1300,"30 percentage points",1
"1400 participants",140,70,0,0.5,0.2,0.05,0.05,0.3,1,0,700.024,2500,999,1400,"30 percentage points",1
"1500 participants",150,75,0,0.5,0.2,0.05,0.05,0.3,1,0,750.3188,2500,999,1500,"30 percentage points",1
"1600 participants",160,80,0,0.5,0.2,0.05,0.05,0.3,1,0,800.6324,2500,999,1600,"30 percentage points",1
"1700 participants",170,85,0,0.5,0.2,0.05,0.05,0.3,1,0,849.8144,2500,999,1700,"30 percentage points",1
"1800 participants",180,90,0,0.5,0.2,0.05,0.05,0.3,1,0,900.4648,2500,999,1800,"30 percentage points",1
"1900 participants",190,95,0,0.5,0.2,0.05,0.05,0.3,1,0,950.3156,2500,999,1900,"30 percentage points",1
"2000 participants",200,100,0,0.5,0.2,0.05,0.05,0.3,1,0,1000.11,2500,999,2000,"30 percentage points",1
"2100 participants",210,105,0,0.5,0.2,0.05,0.05,0.3,1,0,1050.1536,2500,999,2100,"30 percentage points",1
"2200 participants",220,110,0,0.5,0.2,0.05,0.05,0.3,1,0,1100.2616,2500,999,2200,"30 percentage points",1
"2300 participants",230,115,0,0.5,0.2,0.05,0.05,0.3,1,0,1150.5784,2500,999,2300,"30 percentage points",1
"2400 participants",240,120,0,0.5,0.2,0.05,0.05,0.3,1,0,1200.0336,2500,999,2400,"30 percentage points",1
"2500 participants",250,125,0,0.5,0.2,0.05,0.05,0.3,1,0,1249.7696,2500,999,2500,"30 percentage points",1
