"scenario","design","pools","paired_strata","unmatched_pools","eligible_share","persistence_rate","outcome_icc","eligibility_icc","risk_difference","power","monte_carlo_se","mean_eligible","simulations","random_assignments"
"Central","30 pools",30,15,0,0.5,0.2,0.05,0.05,0,0.0424,0.00284963997726029,149.9596,5000,1999
"Central","30 pools",30,15,0,0.5,0.2,0.05,0.05,0.025,0.0618,0.00340531232047811,149.73,5000,1999
"Central","30 pools",30,15,0,0.5,0.2,0.05,0.05,0.05,0.0948,0.00414277588097643,150.1536,5000,1999
"Central","30 pools",30,15,0,0.5,0.2,0.05,0.05,0.075,0.1492,0.00503863791118195,149.9862,5000,1999
"Central","30 pools",30,15,0,0.5,0.2,0.05,0.05,0.1,0.2088,0.00574808768200347,150.0272,5000,1999
"Central","30 pools",30,15,0,0.5,0.2,0.05,0.05,0.125,0.2968,0.00646080118870717,150.3078,5000,1999
"Central","30 pools",30,15,0,0.5,0.2,0.05,0.05,0.15,0.4066,0.00694660262286537,149.9112,5000,1999
"Central","30 pools",30,15,0,0.5,0.2,0.05,0.05,0.175,0.51,0.00706965345685345,149.8286,5000,1999
"Central","30 pools",30,15,0,0.5,0.2,0.05,0.05,0.2,0.614,0.00688482389026764,150.1688,5000,1999
"Central","30 pools",30,15,0,0.5,0.2,0.05,0.05,0.225,0.7002,0.00647950553669028,149.8704,5000,1999
"Central","30 pools",30,15,0,0.5,0.2,0.05,0.05,0.25,0.7764,0.00589241953699836,150.005,5000,1999
"Central","30 pools",30,15,0,0.5,0.2,0.05,0.05,0.275,0.843,0.00514491982444819,149.9122,5000,1999
"Central","30 pools",30,15,0,0.5,0.2,0.05,0.05,0.3,0.9124,0.00399815557476194,150.19,5000,1999
"Central","30 pools",30,15,0,0.5,0.2,0.05,0.05,0.325,0.9364,0.0034512328232097,149.9548,5000,1999
"Central","30 pools",30,15,0,0.5,0.2,0.05,0.05,0.35,0.9618,0.0027107474983849,149.8926,5000,1999
"Central","29 pools",29,13,3,0.5,0.2,0.05,0.05,0,0.0482,0.00302908435009658,150.131,5000,1999
"Central","29 pools",29,13,3,0.5,0.2,0.05,0.05,0.025,0.057,0.00327874976172321,149.9634,5000,1999
"Central","29 pools",29,13,3,0.5,0.2,0.05,0.05,0.05,0.0946,0.00413886071280491,149.9862,5000,1999
"Central","29 pools",29,13,3,0.5,0.2,0.05,0.05,0.075,0.1494,0.00504142122818556,150.0264,5000,1999
"Central","29 pools",29,13,3,0.5,0.2,0.05,0.05,0.1,0.2144,0.00580400964851024,149.9406,5000,1999
"Central","29 pools",29,13,3,0.5,0.2,0.05,0.05,0.125,0.2946,0.00644687273024681,150.082,5000,1999
"Central","29 pools",29,13,3,0.5,0.2,0.05,0.05,0.15,0.3964,0.00691761577423898,150.0844,5000,1999
"Central","29 pools",29,13,3,0.5,0.2,0.05,0.05,0.175,0.5128,0.00706875038461537,150.0188,5000,1999
"Central","29 pools",29,13,3,0.5,0.2,0.05,0.05,0.2,0.6166,0.00687610994676496,150.2288,5000,1999
"Central","29 pools",29,13,3,0.5,0.2,0.05,0.05,0.225,0.7044,0.00645322616990913,150.0806,5000,1999
"Central","29 pools",29,13,3,0.5,0.2,0.05,0.05,0.25,0.7842,0.00581773770464087,150.312,5000,1999
"Central","29 pools",29,13,3,0.5,0.2,0.05,0.05,0.275,0.8546,0.00498515476189055,150.0554,5000,1999
"Central","29 pools",29,13,3,0.5,0.2,0.05,0.05,0.3,0.9044,0.00415838045397484,150.1928,5000,1999
"Central","29 pools",29,13,3,0.5,0.2,0.05,0.05,0.325,0.9356,0.00347138704266753,149.9328,5000,1999
"Central","29 pools",29,13,3,0.5,0.2,0.05,0.05,0.35,0.965,0.00259903828367341,149.9908,5000,1999
"Central","28 pools",28,12,4,0.5,0.2,0.05,0.05,0,0.048,0.00302311098043059,149.924,5000,1999
"Central","28 pools",28,12,4,0.5,0.2,0.05,0.05,0.025,0.0636,0.0034512328232097,150.0362,5000,1999
"Central","28 pools",28,12,4,0.5,0.2,0.05,0.05,0.05,0.0934,0.0041152506606524,149.8794,5000,1999
"Central","28 pools",28,12,4,0.5,0.2,0.05,0.05,0.075,0.156,0.00513154947359957,149.9124,5000,1999
"Central","28 pools",28,12,4,0.5,0.2,0.05,0.05,0.1,0.2116,0.00577625207206195,150.055,5000,1999
"Central","28 pools",28,12,4,0.5,0.2,0.05,0.05,0.125,0.3062,0.0065183059148831,150.1422,5000,1999
"Central","28 pools",28,12,4,0.5,0.2,0.05,0.05,0.15,0.3968,0.00691881145862496,150.0358,5000,1999
"Central","28 pools",28,12,4,0.5,0.2,0.05,0.05,0.175,0.5024,0.00707098635269507,149.8008,5000,1999
"Central","28 pools",28,12,4,0.5,0.2,0.05,0.05,0.2,0.5932,0.00694713984312969,149.688,5000,1999
"Central","28 pools",28,12,4,0.5,0.2,0.05,0.05,0.225,0.7048,0.00645068926549714,149.8166,5000,1999
"Central","28 pools",28,12,4,0.5,0.2,0.05,0.05,0.25,0.78,0.00585832740635072,149.913,5000,1999
"Central","28 pools",28,12,4,0.5,0.2,0.05,0.05,0.275,0.8394,0.00519244913311628,149.8656,5000,1999
"Central","28 pools",28,12,4,0.5,0.2,0.05,0.05,0.3,0.9038,0.00417002541958679,149.8354,5000,1999
"Central","28 pools",28,12,4,0.5,0.2,0.05,0.05,0.325,0.9418,0.00331097447891101,150.0304,5000,1999
"Central","28 pools",28,12,4,0.5,0.2,0.05,0.05,0.35,0.963,0.00266949433413896,149.8946,5000,1999
"Lower eligibility, higher clustering","30 pools",30,15,0,0.4,0.2,0.1,0.1,0,0.0474,0.00300510365877785,120.0396,5000,1999
"Lower eligibility, higher clustering","30 pools",30,15,0,0.4,0.2,0.1,0.1,0.025,0.0546,0.00321306209090332,120.0042,5000,1999
"Lower eligibility, higher clustering","30 pools",30,15,0,0.4,0.2,0.1,0.1,0.05,0.0718,0.00365088372863338,119.695,5000,1999
"Lower eligibility, higher clustering","30 pools",30,15,0,0.4,0.2,0.1,0.1,0.075,0.11,0.00442492937796752,120.1556,5000,1999
"Lower eligibility, higher clustering","30 pools",30,15,0,0.4,0.2,0.1,0.1,0.1,0.1644,0.0052416150182935,119.9948,5000,1999
"Lower eligibility, higher clustering","30 pools",30,15,0,0.4,0.2,0.1,0.1,0.125,0.227,0.00592403578652256,119.8362,5000,1999
"Lower eligibility, higher clustering","30 pools",30,15,0,0.4,0.2,0.1,0.1,0.15,0.304,0.00650513643208196,119.9652,5000,1999
"Lower eligibility, higher clustering","30 pools",30,15,0,0.4,0.2,0.1,0.1,0.175,0.3764,0.00685161353259216,119.8898,5000,1999
"Lower eligibility, higher clustering","30 pools",30,15,0,0.4,0.2,0.1,0.1,0.2,0.468,0.0070565714054348,120.072,5000,1999
"Lower eligibility, higher clustering","30 pools",30,15,0,0.4,0.2,0.1,0.1,0.225,0.561,0.0070182476445335,120.2716,5000,1999
"Lower eligibility, higher clustering","30 pools",30,15,0,0.4,0.2,0.1,0.1,0.25,0.6378,0.00679722237388185,120.0866,5000,1999
"Lower eligibility, higher clustering","30 pools",30,15,0,0.4,0.2,0.1,0.1,0.275,0.7104,0.00641454347557174,119.8576,5000,1999
"Lower eligibility, higher clustering","30 pools",30,15,0,0.4,0.2,0.1,0.1,0.3,0.784,0.00581969071343143,119.9864,5000,1999
"Lower eligibility, higher clustering","30 pools",30,15,0,0.4,0.2,0.1,0.1,0.325,0.8426,0.00515024737269968,120.0888,5000,1999
"Lower eligibility, higher clustering","30 pools",30,15,0,0.4,0.2,0.1,0.1,0.35,0.8822,0.00455901656061919,119.7456,5000,1999
"Higher eligibility, lower clustering","30 pools",30,15,0,0.6,0.2,0.02,0.02,0,0.047,0.00299302522541993,179.9042,5000,1999
"Higher eligibility, lower clustering","30 pools",30,15,0,0.6,0.2,0.02,0.02,0.025,0.0652,0.00349138826256834,179.8322,5000,1999
"Higher eligibility, lower clustering","30 pools",30,15,0,0.6,0.2,0.02,0.02,0.05,0.109,0.00440724403681031,180.0418,5000,1999
"Higher eligibility, lower clustering","30 pools",30,15,0,0.6,0.2,0.02,0.02,0.075,0.1754,0.00537837968165134,179.9688,5000,1999
"Higher eligibility, lower clustering","30 pools",30,15,0,0.6,0.2,0.02,0.02,0.1,0.278,0.00633586616020257,179.822,5000,1999
"Higher eligibility, lower clustering","30 pools",30,15,0,0.6,0.2,0.02,0.02,0.125,0.3916,0.00690288982962933,179.9976,5000,1999
"Higher eligibility, lower clustering","30 pools",30,15,0,0.6,0.2,0.02,0.02,0.15,0.5074,0.00707029334610665,179.899,5000,1999
"Higher eligibility, lower clustering","30 pools",30,15,0,0.6,0.2,0.02,0.02,0.175,0.6352,0.0068076568656183,179.9726,5000,1999
"Higher eligibility, lower clustering","30 pools",30,15,0,0.6,0.2,0.02,0.02,0.2,0.7438,0.00617351698790892,179.9328,5000,1999
"Higher eligibility, lower clustering","30 pools",30,15,0,0.6,0.2,0.02,0.02,0.225,0.8202,0.00543087396281667,180.0804,5000,1999
"Higher eligibility, lower clustering","30 pools",30,15,0,0.6,0.2,0.02,0.02,0.25,0.896,0.00431703602023425,179.8882,5000,1999
"Higher eligibility, lower clustering","30 pools",30,15,0,0.6,0.2,0.02,0.02,0.275,0.9304,0.00359877312427444,179.8936,5000,1999
"Higher eligibility, lower clustering","30 pools",30,15,0,0.6,0.2,0.02,0.02,0.3,0.9672,0.00251889499582655,180.1586,5000,1999
"Higher eligibility, lower clustering","30 pools",30,15,0,0.6,0.2,0.02,0.02,0.325,0.983,0.00182816848238886,179.7898,5000,1999
"Higher eligibility, lower clustering","30 pools",30,15,0,0.6,0.2,0.02,0.02,0.35,0.9914,0.00130583613060752,179.925,5000,1999
"Higher persistence reversal","30 pools",30,15,0,0.5,0.35,0.05,0.05,0,0.0506,0.00309966578843591,149.9282,5000,1999
"Higher persistence reversal","30 pools",30,15,0,0.5,0.35,0.05,0.05,0.025,0.0554,0.00323514574633045,149.7262,5000,1999
"Higher persistence reversal","30 pools",30,15,0,0.5,0.35,0.05,0.05,0.05,0.0838,0.00391861097839528,149.9062,5000,1999
"Higher persistence reversal","30 pools",30,15,0,0.5,0.35,0.05,0.05,0.075,0.1214,0.00461870198215906,149.996,5000,1999
"Higher persistence reversal","30 pools",30,15,0,0.5,0.35,0.05,0.05,0.1,0.1852,0.00549365015267627,149.9422,5000,1999
"Higher persistence reversal","30 pools",30,15,0,0.5,0.35,0.05,0.05,0.125,0.2614,0.00621401705823214,150.2544,5000,1999
"Higher persistence reversal","30 pools",30,15,0,0.5,0.35,0.05,0.05,0.15,0.3464,0.00672914615683149,149.7302,5000,1999
"Higher persistence reversal","30 pools",30,15,0,0.5,0.35,0.05,0.05,0.175,0.4388,0.00701789940081788,149.9844,5000,1999
"Higher persistence reversal","30 pools",30,15,0,0.5,0.35,0.05,0.05,0.2,0.5296,0.00705866616295175,149.8334,5000,1999
"Higher persistence reversal","30 pools",30,15,0,0.5,0.35,0.05,0.05,0.225,0.65,0.00674536878161602,150.0392,5000,1999
"Higher persistence reversal","30 pools",30,15,0,0.5,0.35,0.05,0.05,0.25,0.7254,0.00631181178426607,150.0092,5000,1999
"Higher persistence reversal","30 pools",30,15,0,0.5,0.35,0.05,0.05,0.275,0.81,0.00554797260267208,150.3514,5000,1999
"Higher persistence reversal","30 pools",30,15,0,0.5,0.35,0.05,0.05,0.3,0.878,0.00462852028190436,150.0802,5000,1999
"Higher persistence reversal","30 pools",30,15,0,0.5,0.35,0.05,0.05,0.325,0.9214,0.00380583867235594,149.8032,5000,1999
"Higher persistence reversal","30 pools",30,15,0,0.5,0.35,0.05,0.05,0.35,0.9538,0.00296868859936505,150.2164,5000,1999
